antibody_id,hc_subtype,lc_subtype,vh_protein_sequence,vl_protein_sequence,acsins_dLmax_ph6_avg,acsins_dLmax_ph6_stddev,acsins_dLmax_ph7.4_avg,acsins_dLmax_ph7.4_stddev,hac_rt_avg,hac_rt_stddev,hic_rt_avg,hic_rt_stddev,polyreactivity_prscore_cho_avg,polyreactivity_prscore_cho_stddev,polyreactivity_prscore_ova_avg,polyreactivity_prscore_ova_stddev,sec_%monomer_avg,sec_%monomer_stddev,smac_rt_avg,smac_rt_stddev,titer_avg,titer_stddev,tm1_nanodsf_avg,tm1_nanodsf_stddev,tm2_nanodsf_avg,tm2_nanodsf_stddev,tm3_nanodsf_avg,tm3_nanodsf_stddev,tonset_nanodsf_avg,tonset_nanodsf_stddev
GDPa3-001,IgG1,Lambda,EVQLVESGGGLVQPGGSLRLSCATSGFTFNRYWMSWVRQAPGKGLEWVANIDEHGSEKNYADYVKGRFTISRDNATTSLFLQMNSLRVEDSALYYCTLGDYWGQGTLVTVSS,SYELTQPSSVSVSPGQTATITCSGDVLAKRYARWFQQKPGQAPVLVIYKDSERPSGIPERFSGSSSGTTVTLTISGAQVEDEADYYCYSVPDNRWVFGGGTKLTVL,0.25,0.5,-0.5,0.0,1.7033,,2.441716666666667,,0.0456680817627101,0.01623471783276103,0.02362932236366475,0.0109414312298279,97.12155374784679,,2.606666666666661,,213.64037374874,12.6712015538008,68.7,0.1053565375285209,83.13,0.600999168052665,,,63.13666666666666,0.05507570547286011
GDPa3-002,IgG1,Kappa,EVQLVQSGAEVKKPGESLRISCKGSGYSFTSYWISWVRQMPGKGLEWMGRIDPSDSSANYSPSFQGHVTISADKSISTAYLQWSSLKASDTAVYFCMIFGAWGQGTLVTVSS,EIVLTQSPGTLSLSPGERATLSCRASQSVSSIYLAWYQQKPGQAPRLLIYGASSRATGTPDRFSGSGSGTDFTLTISRLEPEDFAVYYCQQHGSSPYTFGPGTKLEIK,0.5,0.0,0.25,0.5,4.039083333333333,,2.57505,,0.1071337289612092,0.001380420341218491,0.111900766792193,0.005548012449324789,99.6629408477334,,2.68312499999999,,707.1995487375143,11.85045666907452,71.37666666666667,0.09451631252505616,78.91666666666667,0.53873308171425,85.14333333333333,0.2797022226106283,64.22,0.4877499359302849
GDPa3-003,IgG1,Lambda,EVQLVESGGGLVQPGRSLRLSCTASGFTFGDYAMNWVRQAPGKGLEWLGFIESKGYGGTTEYAASVKGRFIISRDDSKSIAYLQMNSLKTEDTAVYYCTPGDYWGQGTLVTVSS,SYELTQPPSVSVSPGQTARITCSGDALPKKYAYWYQQKSGQAPVQVIYEDSGRPSGIPERFSGSSSGTMATLTISGAQVEDEADYYCYSIDSSGNHRVFGGGTKLTVL,1.25,0.5,22.0,1.732050807568877,,,2.583366666666667,,0.3636807335734132,0.001683380054047654,0.06882350645691646,0.0328978824193531,99.4032379899475,,2.673749999999991,,497.435695010945,36.53419904038897,62.27666666666666,0.02081665999466259,69.69666666666667,0.1184623709594466,80.03,0.4003748243833506,55.88666666666666,0.03511884584284062
GDPa3-004,IgG1,Lambda,QVQLQQWGAGLLKASETLSLSCAVYGGSFSGYSWSWIRQPPGKGLEWIGEINDSETTTYDPSLKGRVTMSRDTSTNLFSLKLTSVTAADTAVYYCAITYFWGQGTVVTVSS,NFIMTQPHSVSESPEKTVTISCTRSSGSIASNYVQWYQQRPGSAPTTVIYEDKQRPSGVPDRFSGSIDSSSNSASLTISGLKTEDEADYYCQSYGRSGWVFGGGTRLTVL,0.5,0.0,1.25,0.5,4.154983333333333,,2.966683333333333,,0.0,0.0,0.07778538764313558,0.0254062967508583,99.7704264324991,,2.808541666666649,,403.933251781522,27.39121574188708,64.29333333333334,0.0404145188432832,79.71666666666665,0.4313158162336893,,,55.9,0.1452583904633408
GDPa3-005,IgG1,Lambda,EVQVVESGGGLVQPGGSLRLSCAVSGLSFSNYWMNWVRQAPGKGLEWVANIKPDGSQKYYVDSVKGRFTISRDDAKYSVYLQMNNLRAEDTAVYYCMTGGGYWGQGTLVTVSS,QAVVTQEPSLTVSPGGTVTLTCGSGTGGVTSGHYPYWFQQMPGQVPRTLIYDTGNKHSWTPARFSGSLLGGKAALTLSGAQPEDEAEYYCLLVYSGVVVFGGGTKLTVL,-0.5,0.0,-0.75,0.5,4.05995,,3.000033333333334,,0.1040975157241797,0.0001857922028158913,0.100244495737974,0.0001158176997910965,96.70289564828195,,2.721458333333322,,129.2030678650603,3.94756930852451,68.92333333333333,0.09504384952922047,80.96666666666667,0.1855622087962222,,,63.38666666666666,0.2281081614790093
GDPa3-006,IgG1,Kappa,QVQLVESGGDLVKPGGSLRLSCAGSGFSFSDYYMNWIRQPPGKGPEWLSYISGSSNLTAYAASVKGRFTISRDNAKNSLYLQMDSLRVDDTAIYYCGTPGIPWGQGTLVTVSS,EILLTQSPGTLSLSPGERATLSCRASQSVTNRFLAWYQQRPGQSPRLLLYRASNRDTGVPDRFSGSGSGSDFTLTISRLEPEDFAVYYCQQYGSLPITFGPGTRLEIK,0.0,0.5773502691896257,-0.5,0.0,4.1608,,2.841683333333333,,0.163142129845978,0.006655078720196419,0.102322113300521,0.0002551570147732667,99.79011712279542,,2.583333333333329,,639.9209481225316,49.67378023453071,66.77666666666666,0.06658328118479118,84.21,0.2424871130596366,,,60.90333333333334,0.1501110699893051
GDPa3-007,IgG1,Kappa,EVHLVESGGGLVKPGGSLRLSCAASGFTFRNYSMNWVRQAPGKGLEWVSSISNSSSYIYYADSVKGRFTISRDNAKNSLYLQMNSLRAEDTAVYYCARTSDTWGQGTLVTVSS,DVVMTQSPLSLPVTLGQPASISCRSSQNLVHRDGNTYLTWLQQRPGQSPRRLIYKVSKRDSGVPDRFSGSGSGTDFTLKISRVEAEDVGVYYCMQGTQWPPAFGQGTKVEIK,-0.5,0.0,-1.0,0.5773502691896257,4.520766666666667,,2.358366666666667,,0.09134852450682505,0.01321259910613281,0.1009339041332135,0.0003772343381428714,99.73060087487808,,2.598124999999995,,929.6931833958197,39.21563998264585,70.3,0.06999999999999977,83.59666666666668,0.09073771725877801,,,64.22333333333334,0.1767295485574909
GDPa3-008,IgG1,Kappa,EVQLLESGGGLVQPGGSLRLSCAVSGFTFSNYAMTWVRQAPGKGLEWVSSITNSGGGTYYADSVKGRFTVSRDNSKSTLYLQLDSLRAEDTAVYYCASNLVHWGQGTLVTVSS,DIQMTQSPSSLSASVGDSVTITCRASQGISNFLAWFQQKPGKAPKSLIYAASTLQSGVPSKFSGSGSGTDFTLTISSLQPEDFATYYCQQYSSYPQTFGQGTKVEIK,0.0,0.5773502691896257,-0.5,0.0,3.9408,,2.441716666666667,,0.006192235830194975,0.00786605903715919,0.04257497049357375,0.02136948698911775,94.55547136773284,,2.68874999999999,,536.563454333701,25.99520994633087,71.72333333333334,0.05773502691897366,84.92999999999999,0.240208242989294,,,64.36,0.05567764362829744
GDPa3-009,IgG1,Lambda,EVQLVQSGAEVKKPGESLRISCKGSGYSFTNYWITWVRQMPGKGLEWMGRIDPSDSYTNYSPTFQGHVTFSADKSNSTAYLQWSSLEASDTAMYYCARQGLDVWGQGTTVTVSS,QSALTQPPSASGSPGQSVTISCTGTSSDVGRSNYVSWYQQHPGKAPKLMIYEVSKRPSGVPDRFSGSKSGNTASLTVSGLQADDEADYYCSSYAGSNKVFETGTKVTVL,0.25,0.5,-0.25,0.5,,,2.833333333333333,,0.10107346764399,0.0004066965667759791,0.06907170549432858,0.00457865307312906,94.40043633107065,,2.620208333333327,,83.5173329731979,5.841475628323951,48.47,0.3251153641401776,69.85666666666667,0.2804163571073115,83.5,0.0,35.48666666666666,1.365955099310854
GDPa3-010,IgG1,Lambda,EVQVVESGGGLVKPGGSLRLSCAASGFTFTNAWVSWVRQAPGKGLEWVGRLRGKTGGGTRDYAAPVKGRFTISSDDSKVTLYLQMNSLKTDDTAVYYCITKNVPDWGQGTLVTVSS,QAVVTQEPSLTVSPGGTVTLTCDSSTGAVTSGHYPYWFQQKPGQAPKTLIYDTSNKHSWTPARFSGSLLGGKAALTLSGAQPEDEAEYYCLLSYSDARVFGGGTKLTVL,-0.25,0.5,-0.5,0.0,4.690783333333333,,2.53335,,0.0,0.0,0.1003537476531061,0.0005130281568503316,99.7368539970389,,2.696666666666656,,321.5702044302893,7.314167816946324,66.70333333333333,0.04932882862315794,84.69333333333334,0.5501211987674463,,,57.52333333333333,0.1446835627614039
GDPa3-011,IgG1,Kappa,QVQLVESGGGLVKPGGSLRLSCAASGFTFSDYYMSWIRQAPGKGLEWVSYISSSSSYTNYADSVKGRFTISRDNAKNSLYLQMNSLRAEDTAVYYCARDFTDVWGKGTTVTVSS,DVVMTQSPLSLPVTLGQPASISCRSSQSLVYSDGNTYLNWFQQRPGQSPRRLIYKVSNRDSGVPDRFSGSGSGTDFTLKISRVEAEDVGVYYCMQGTHWPYTFGQGTKLEIK,0.25,0.5,-0.25,0.5,4.10665,,3.00005,,0.0,0.0,0.04353999810796737,0.03443192821552816,98.6944580310094,,2.720624999999988,,978.287546514221,63.90298807047299,70.73333333333333,0.3397548135543222,77.02666666666666,0.1101514109457217,84.32,0.2193171219946218,61.76,0.5629387178015005
GDPa3-012,IgG1,Lambda,VQLVESGGGLVEPGGSLRLSCAASGFTFSNSDMNWVRQAPGKGLEWVSGVSWNGSRTHYADSVKGRFIISRDNSRNFLYQQMNSLRPEDMAVYYCVKVVTTEWGQGTLVTVSS,SYMLTQPPSVSVAPGKTARITCGGNNIGSKSVHWYQQKPGQAPVLVIYYDSDRPSGIPERFSGSNSGNTATLTISRVEAGDEADYYCQVWDSNSDHPVFGTGTKVTVL,0.75,0.5,0.75,0.5,,,,,0.09253663433766772,0.009447559300887793,0.14558727800653,0.004211841752237567,0.0,,2.591874999999995,,8.93705044105065,0.6745158771014871,48.89000000000001,0.3451086785347502,68.95,0.8205485969764328,85.09666666666668,0.618896868091391,38.47666666666667,1.241665548097927
GDPa3-013,IgG1,Kappa,EVQLLESGGGLVQPGGSLRLSCAASGFTFSSFAMSWVRQAPGKGLEWVSGISGSGGSTYYADSVKGRFTISRDNSKNTLHLHMNNLRAEDTAVYYCASNWNFQHWGQGTLVTVSS,DVVMTQSPLSLPVTLGQPASISCRSSQSLVHSDGNAYLNWFQQRPGQSPRRLIYMVSNRDSGVPDRFSGSGSGTDFTLKISRVEAEDVGVYYCMHGTQLTFGGGTKVEIK,0.5,0.0,10.25,0.4999999999999998,4.251633333333333,,2.900033333333333,,0.3317476373043587,0.005337888207762426,0.24845998053019,0.009486579813154768,0.0,,2.704999999999989,,616.0063625167667,12.20314353139185,70.29666666666667,0.08736894948053749,77.78666666666666,0.3265475973473562,80.39333333333333,0.5630571315002786,63.43666666666667,0.5450076452063156
GDPa3-014,IgG1,Kappa,EVQLVESGGGLVQPGRSLRLSCEASGFSFNDYTMHWVRQAPGKGLEWVSGISWNSGSIGYADSVKGRFIISRDNAKNSLYLHINSLKVEDTAFYYCAKDIPLDSWGQGTLVTVSS,EIVLTQSPATLSLSPGERATLSCRASRSVNDYLAWYQQKPGQAPRLLIYDASNRATGIPARFSGSGSGTDFTLTISNLEPEDFAVYYCQQRSDWFKFTFGPGTKVDIK,0.5,0.0,1.25,0.5,4.066583333333333,,2.475,,0.00935246348388435,0.009556415373788651,0.05780373652127973,0.03313600981061573,99.57944248413334,,2.695208333333323,,361.1210905728583,8.956156718593029,66.77999999999999,0.0608276253029847,82.97,0.1734935157289748,,,60.43333333333334,0.1171893055416475
GDPa3-015,IgG1,Lambda,EVKLVESGGGFVQPGGSLRLSCAASGFTFSGYWMTWVRQAPGKGLEWVANIKYDGSEKYYVDSVKGRFTISRDNAENSLYLQVDNLRAEDTAVYSCARGRDIDFWGQGTLVSVSS,SYELTQPSSVSVSPGQTARITCTGDVVAKKFTRWFQQKPGQAPIVLIYRDSERPSGIPDRFSGSSSGTTVTLTISEAQVEDEADYYCYSAAENNIWVFGGGTKLTVL,0.5,0.0,0.5,0.0,4.2233,,2.400033333333333,,0.166511516060456,0.01138502883076136,0.06229089464337428,0.04500671874543216,99.66819413139797,,2.668333333333324,,562.382518436357,28.81739684364111,64.69333333333333,0.04509249752821984,,,,,58.89666666666667,0.0702376916856852
GDPa3-016,IgG1,Kappa,EVQLVESGGGLVQPGGSLRLSCAASGFTFSTYWMQWVRQDPGKGLVWVSRINSDGSRTNYADSVKGRFTISRDNAKNTLYLQMNSLRAEDTAVYYCARGGYFDYWGQGTLVTVSS,DIQMTQSPSSLSASVGDRVTITCQASQDISNYLNWYQQKPGKAPKLLIYDASYLERGVPARFSGSGSGTDFTFTVSGLQPEDIATYYCQQYDNLPPTFGQGTKVEIK,0.0,0.5773502691896257,0.0,0.5773502691896257,4.149133333333333,,2.4584,,0.00122080801661905,0.0024416160332381,0.0126001840020047,0.01496353552464432,99.39617280427052,,2.690416666666656,,591.7177726926053,22.24113784740068,71.00333333333334,0.06350852961086055,83.95666666666666,0.03214550253664324,,,63.51333333333334,0.4452340208624424
GDPa3-017,IgG1,Lambda,EVQLMESGGALVQPGGSLRLSCVVSGFTVSTNYMSWVRQARGKGLEWVSAIDVGGSTFYADSVKGRFTISRDNSKNTLYLQMNSLRVEDTAVYYCARDRIAIFSWGKGTTVTVSS,QSVLTQPRSASGTPGQRVTISCSGSSSNIGSNTVHWYQQLPGTAPKLLIYNNDQRPSGVPGRFSGSKSGTSASLAISGLQSEDEADYYCASWDDSLNGLFGGGTKLTVL,0.25,0.5,-0.25,0.5,4.084083333333333,,2.400033333333333,,0.0,0.0,0.06243850047681965,0.02235752155032265,98.72135857157107,,2.691874999999989,,1029.209774911946,43.41898837165456,71.26,0.1699999999999982,75.18333333333334,0.6431433225443078,83.36333333333333,0.8177000264970837,65.65666666666667,0.04163331998931835
GDPa3-018,IgG1,Lambda,QLQLQESGPGLVKASETLSLSCTVSGGSINTASYYWGWIRQPPGKGLEWIGSIFYNGYTQYNPSLKSRVTMSIATSKNQFSLKLTSVTAADTALYYCARSTWYFDSWGQGTLVPVSS,QSVLTQPPSVSAAPGQKVTISCFGGSSNLGKNYVSWYQQFPGMAPKLLMYENNKRPSGIPDRFSGSKSGTSATLGITGLQTGDEADYYCGTWDSSLNNFVFGTGSKVTVL,0.5,0.0,22.5,0.8164965809277257,,,4.8,,0.4598809296994095,0.07988417007161226,0.3908363303664638,0.03799868193988252,0.0,,3.823541666666592,,734.0709499474888,18.80925906709957,70.02666666666666,0.03214550253664563,80.74,0.3439476704383989,,,63.05333333333333,0.1001665280087743
GDPa3-019,IgG1,Kappa,QAQLVQSGAEVKKPGASVKVSCKASGFIFTMFGISWVRQAPGQGLEWMGWISAYNGDTKYAQKFQGRITVTTDKSTSTAYLHLKSLTRDDTAVYYCARAYDSLDVWGPGTTVTVSS,EIVLTQSPATLSVSPGERVTLSCWASQTVSTNFAWYQQKPGQAPRLLIYGASTRATGIPERFTGSGSGTDFTLTITSLQSEDFAVYYCQQYNDWPALTFGGGTKVEI,3.75,0.4999999999999999,22.5,0.0,,,4.8,,0.0725356450106452,0.03213901822232648,0.0,0.0,27.89350350200596,,3.034166666666637,,523.3002485281969,28.99625260617255,65.49333333333333,0.1001665280087789,84.65666666666667,0.1903505538035945,,,54.05,0.2882707061079941
GDPa3-020,IgG1,Kappa,QVQLQESGPGLVKPSQTLSLTCTVSGGSISSGTYHWSWIRQPAGKGLEWIGRIYTSGSTNYNPSLKSRVTISVDTSKNQFSLKLSSVTAADTAVYYCASSGFYFDFWGQGTLITVSS,DIVLTQSPGTLSLSPGERATLSCRASQYVISSYLTWYQQKPGQAPRLLIYGASNRATGIPDRFSGSGSATDFTLTITRLEPEDFAVYYCQHYGSSAMYTFGQGTKLEIK,0.5,0.0,3.5,0.0,4.234083333333333,,2.850016666666667,,0.284071648639038,0.004431948165160106,0.1174059523823555,0.0019008247628591,99.4181825576231,,2.983749999999973,,403.8107489136954,11.5924865527437,72.06333333333333,0.3370954365359113,79.67666666666666,0.1365039681962839,,,62.44333333333333,0.2500666577801474
GDPa3-021,IgG1,Kappa,QVRLVESGGGAVQPGESLRLSCAASGFTFRNYPMQWVRHAPGRGLEWVGYIRSDGSNAYYGDSVKGRFTISRDNSNNIVFLQMDSLRLEDTAIYFCAKEDWGLPRDWGQGTRVTVSS,AIQMTQSPSSLSASVGDRVTITCRASQGVRNTLGWFQQKPGTAPKLLVYEASSLPSGVPSRFSGSGSGTDFTLTISSLQPEDFATYYCLQNYNYPYTFGQGTKLEI,0.25,0.5,-0.5,0.0,4.097433333333333,,2.40835,,0.000416134718457725,0.00083226943691545,0.03805320147998442,0.03613585187419025,65.40713195743419,,2.67999999999999,,273.310013805091,2.672630628775544,67.74333333333334,0.02886751345948682,83.31333333333333,0.1789785834487863,,,60.30666666666666,0.06027713773341589
GDPa3-022,IgG1,Kappa,QVQLQESGPGLVKPSETLSLTCSVSGGSISRSYWSWIRQPPGQGLEWIGYIYDSGSTNYNPSLKSRVTISVDTSKNQFSLKLNSVTAADTAVYYCARRIREAFDIWGQGTMVTVSS,DIQMTQSPSSLSASVGDRVSITCRASQSIRSYLNWYQQKPGKAPKLLMYVASSLQSGVPSRFSGSGSGTDFTLTIRSLQPEDFATYYCQQSYSTPYTFGQGTKLQIK,1.5,0.0,22.75,0.5,5.0983,,2.341733333333333,,0.3598768533526233,0.06481030558132189,0.3221916002899585,0.01322031553477948,94.70653002871839,,2.668749999999991,,208.599719238795,9.862804235436549,70.7,0.2007485989988506,84.10000000000001,0.09539392014169719,,,61.15,0.4138840417314938
GDPa3-023,IgG1,Lambda,QVQLVQSGAEVKKPGASVNISCKASGYTFSDYFIHWVRQAPGQGLEWMGWINPDTGITKYAEKFQGRVSMTRDTSISTAHMALSRLRSDDTAVYYCAKDRVYSLDLWGQGTLVTVSS,NFMLTQPHSVSESPGKTVTIACTRSSGRIASNYVQWYQQRPGSAPTIVIYEDNQRPSGVPDRFSGSIDSSSNSASLTISGLKTEDEADYYCQSYDSSWVFGGGTKLTVL,0.5,0.0,8.75,0.4999999999999998,4.0908,,2.383383333333333,,0.3607085446908668,0.005677647265313081,0.050398244622301,0.03784199789238286,98.30774074202346,,2.633333333333326,,336.3906754384504,4.020302750696928,70.13000000000001,0.07810249675906443,84.51666666666667,0.2112660250332158,,,62.90333333333334,0.0493288286231622
GDPa3-024,IgG1,Kappa,QVRLEQSGAEVKKPGASVKVSCEVFGYTLTKLSIHWVRQSPGKGLEWMGGFDPEDDETVYAQKFQGRVTMTKDTSTDTAYMELSSLRSEDTAVYYCATLTIFHMDVWGKGTTVTVSS,AIQMTQSPSSLSASVGDRVTITCRASQDIRNDLGWYQQKPGKAPKLLIYAASNVQSGVPSRFSGSGSGTDFTLTISSLQPEDFATYYCLQDYSYPWTFGQGTRVEIK,0.5,0.0,-0.5,0.0,4.116633333333334,,2.5084,,0.001662873645394225,0.00332574729078845,0.001697561046006675,0.00339512209201335,99.38277988761259,,2.663958333333325,,694.6122027437177,34.13383644897009,73.43333333333334,0.2122105872319582,85.76666666666667,0.1985782801147511,,,64.12333333333333,0.2746512940681886
GDPa3-025,IgG1,Kappa,QVQLVASGGGVVQPGRSLRLSCAASGFTFSNYAMHWVRQAPGKGLEWVAFISYDGSNKYYADSVKGRFTISRDNSENTLYLQMNSLIPEDTAVYFCARSGVASTLDYWGQGTLVTVSS,DIQLTQSPSFLSASVGDRVTITCRASQGISSYLAWYQQKPGKAPKLLIYAASTLQSGVPSRFSGSGSGTEFTLTISSLQPEDFATYYCQQLNSYPRTFGQGTKVEIK,0.5,0.0,-0.25,0.5,4.173266666666667,,2.391733333333333,,0.0,0.0,0.1013287118027675,0.0001917028706938626,99.59204845922349,,2.680208333333323,,663.9921200572959,13.883758506215,71.08333333333333,0.1193035344544886,82.86666666666666,0.08386497083606236,,,62.83666666666667,0.2354428451521368
GDPa3-026,IgG1,Kappa,QVQLQQWGAGLLKPSETLSVTCAVYGGSFIGSSWIWIRQPPEKGLEWIGEINHGGSTTYNPSLKSRVTISLDMSKNQFSLNLTSVTAADTAVYYCATDRGSLAAVDWGQGTLVTVSS,DIQMTQSPSSLSASVGDRVTITCRASQAISSYLAWYQQKPGKVPKLLIYAASTLQSGVASRFTGSGSGTDFTLTISSLQPEDVATYYCQKYNSAPRTFGQGTRVEIK,0.0,0.5773502691896257,-0.75,0.5,4.0125,,2.82505,,0.0218483126384134,0.01923667568139606,0.0455313190139018,0.02129833088695822,98.815967865556,,2.725416666666655,,641.3001800655901,16.13749790673055,71.27,0.2107130750570538,78.13,0.2286919325205782,85.0,0.0,62.96,0.1951922129594298
GDPa3-027,IgG1,Kappa,QVQVVESGGGVVQPGGSLRLSCVASGFTFSTSGMHWVRQAPGKGLEWVAFIHYHGGEIDYVDSVKGRFTISRDNSMNTLYLQMDSLNVEDTAIYSCARDVRGLPFDIWGQGTRVTVSS,DLQMTQSPSSLSASVGDRVSITCRASQGIRNFLAWYQQKPGKVPQLLIYGASTLQSGVPSRFSGSGSGTDFTLTISSLQPEDVATYYCQKYDTAIRTFGQGTKVEIK,0.5,0.0,0.0,0.5773502691896257,3.969933333333334,,2.5084,,0.1043905054979903,0.0006906553537627425,0.1009990670862222,0.0001677111332251432,99.7039990520313,,2.719166666666655,,534.5248148398254,17.73948579544211,64.75,0.1216552506059606,69.79,0.1493318452306751,83.94333333333333,0.1457166199626305,58.81666666666666,0.2281081614790072
GDPa3-028,IgG1,Kappa,QVHLQESGPGLVKPSETLSLICSVSGFSISSGYYWGWIRQPPGRALEWVGSMYHDGDAYYSPSLMSRVAMSADTSKNQVSLKLRSVTAADTAVYYCARGLVGGASDYWGQGILVSVSS,EILLTQFPATLSMSPGERATLSCRASQSLSRSVAWYQQKPGQAPRLLIYGASTRATGVPARFSGSGSGTDFTLTITSLQSEDFAVYYCQSHSNRPPWTFGQGTRVDI,0.5,0.0,14.5,1.414213562373095,4.439116666666667,,2.866733333333333,,0.392898657084241,0.003645487297905828,0.155261652635707,0.008037839456406343,93.70838499633673,,2.682291666666657,,499.35053187922,12.09977590683928,66.66333333333334,0.07505553499464344,83.83333333333333,0.04932882862316238,,,58.87333333333333,0.1616580753730934
GDPa3-029,IgG1,Lambda,QLQLQESGPGRWKPSETLALRCSVFGPAIRNPSVYWGWIRQPPGKGLEWIGSIHYTGTTRYNPSLKTRVTISIDTSKNQFSLNLTSVTAADTAVYFCARHSQAVNAFDIWGHGTLV,QSVVTQTPSASGTPGQRVTISCSGSSSNIGDNFVSWYQHVPGTAPRLLVYMNNQRPSGVPDRFSGSKSGTSASLAISGLRAEDEAEYYCETWDDILDVVVFGGGSKVTVL,0.25,0.5,-0.5,0.0,4.227483333333334,,2.733333333333333,,0.0,0.0,0.09996753264569613,3.251122933802089e-05,98.17492496928038,,2.675833333333324,,98.02006393250008,4.871667827291986,69.64333333333333,0.94113406767226,75.80333333333333,1.95131579538867,84.75666666666666,0.3572580766523363,63.03666666666666,1.384425271848695
GDPa3-030,IgG1,Kappa,HVQLVESGGGLVKPGGSLRLSCAVSGFTVSDSYMFWIRQSPGKGLEWVAHISSADWVIYYSDSVKGRFFISKDHANNSLFLQMNSLRDDDTAVYYCARGSGLAGPLDVWGKGTTVTVSS,DVQMTQSPSSLSASVGDRVTITCRASQSISTYLHWYQHRPGKAPKLLIDTASSLHSGVPSRFSGSGSGTDFTLTISSLQPEDFATYYCQQSYSTHITFGQGTRLEIK,0.5,0.0,3.25,0.4999999999999999,,,2.9417,,0.06197894669420327,0.01383753148670071,0.07927494699419828,0.01846867318319193,99.76482282803325,,3.253749999999958,,118.8280620120023,5.49349396486024,74.32666666666667,0.1871719352182279,86.49000000000001,0.1053565375285209,,,63.84333333333333,0.1201388086062684
GDPa3-031,IgG1,Kappa,QVQLMESGGGLVKPGGSLRLSCAVSGFTFSDYYMSWIRQAPGKGLEWVSYISIGSADTNYADSVRGRFTISRDDAKNSLYLQMNSLRADDAAVYYCRLYSNYDYYFDYWGQGTLVTVSS,DIQMTQSPSTLSASVGDRVTITCRASQSISSRLAWYQQKPGKAPKLLIYEASSLESGVPSRFSGSGSGTEFTLTITSLQPDDFATYYCQQYNSYSTWTFGQGTKVEIK,0.25,0.5,-0.25,0.5,3.96995,,2.908383333333334,,0.004548535216796825,0.007138601717389896,0.05512289292384143,0.02767118360996768,99.42125108204613,,2.733541666666654,,1036.38678186565,19.96825477127027,70.69333333333333,0.08144527815247572,84.11666666666666,0.2223360819420357,,,64.27,0.1410673597966592
GDPa3-032,IgG1,Kappa,QVQLVESGGGVIQPGRSLRLSCAASGFTFSSHVMQWVRQAPGKGLEWVTVISSDGSKKEYVDSVKGRFTISRDNSKNTVYLQMNSLRAEDTAVYYCARVDILIGFTDYWGQGTQVTVSP,DIQMTQSPSTLSASVGDRVTITCRASQSISHWLAWYQHKAGKAPTLLVYEASYLEGGVPSRFSGSGSGTEFTLTITSLQPDDFATYYCQHYNRHSWTFGQGTKVEIK,-0.25,0.5,-0.25,0.5,4.222433333333333,,2.516716666666666,,0.01548541665657487,0.01273608718989178,0.05128269810848035,0.02070666225181837,99.6578585789462,,2.703958333333322,,402.6101106471619,9.954364498637217,71.79333333333334,0.03055050463303557,84.77666666666667,0.6051721518157737,,,64.66666666666667,0.1167618659209076
GDPa3-033,IgG1,Lambda,EVQLLESGGGLVQPGGSLRLSCAGSGFTFSSYAMNWVRQAPGKGLEWVSAIDNIGSSIYYADSVKGRFTISRDNSKNTLHLQMTSLRAEDTAIYYCGRGGGVGATMVEYWGQGSQVTVSS,SYVLTQPPSVAVAPGKTATITCGGNNIESKSVHWYQQKPGQAPVLVISFDADRPSGIPERFSGSNSGNTATLTISRVEAGDEADYYCQVWDSNSDHRVFGGGTKLTV,0.25,0.5,-0.25,0.5,3.876616666666667,,2.408383333333334,,0.02630274051575075,0.03226240716165462,0.01040096962728193,0.008436267287052237,97.51513229308857,,2.683749999999991,,433.7541898232557,27.90789817048697,62.98666666666667,0.02516611478423541,69.99666666666667,0.09712534856222006,79.14999999999999,0.3469870314579552,57.13333333333333,0.02309401076758403
GDPa3-034,IgG1,Kappa,QMQLVQSGAEVRKPGASVKVSCKASGYTFTGHYIHWVRQAPGRGPEWMGWINPNSGGTNSSQSFQGRVTMTRDTSISTAYMELSRLTSDDTAVYSCARARYGDYYYFDSWGQGTLVTVSS,DIQMTQSPSSLSASVGDRVTITCRASQDISSYLAWYQQKPEKAPKSLIYAASSLQGGVPSRFSGSGSGTHFTLTISSLQPEDFATYYCQQYYSYPVTFGPGTKVDIK,-0.25,0.5,-1.0,0.5773502691896257,4.107466666666666,,2.433366666666667,,0.0,0.0,0.0017104521204634,0.0034209042409268,99.7731274943451,,2.633749999999993,,646.5839822854397,38.23009331284064,72.35000000000001,0.03605551275464947,,,,,65.92666666666666,0.04041451884327016
GDPa3-035,IgG1,Kappa,EVHLVESGGGLVKPGGSLRLSCGASGFTFADYTMRWFRQAPGKGLEWVSFIRSEAYGGTTEYAASVKGRFTILRDDSKSTAYLQMNSLKTDDTAVYYCTRDRSEYSSPSLYWGQGTLVTVSS,DVQMTQSPSTLSASVGDRVTITCRASQSIGYRLTWYQQKPGKAPKLLIYDASSFERGVPSRFSGSGSGTEFTLTINNLQPDDFATYYCQQYHSFPTTFGQGTRLDIK,0.5,0.0,3.75,0.5,4.25415,,2.441683333333333,,0.02069667989078888,0.03693738422297167,0.09986307476550832,7.56457585053372e-05,99.59797127204754,,2.68437499999999,,984.4380387718467,28.26097313449818,68.17,0.01000000000000867,84.14,0.3487119154832591,,,62.40666666666667,0.03055050463303673
GDPa3-036,IgG1,Lambda,QVELHQWGAELLKPSETLSLTCAVYGGPLSGYYWSWIRQSPGKGLEWIGEIHHGGSANYNPSLKSRVAISTVTYKNQFSLKLTSVTAADTGVYYCAVGFNFHYYYMDVWGKGTTVIVSS,QSVLTQPPSVSAAPGQKVTISCSGGDSTIGNNYVSWFQLVPGTAPKLLIFDNNKRPSGIPDRFSGSRSGTSATLDITGVQTGDEADYHCGTWDSSLNSFVFGTGTFVTVL,10.25,0.5,29.75,1.258305739211791,,,3.050033333333333,,0.02597193469826303,0.02546874286326359,0.0828922951743861,0.02224899432551594,99.57432223117905,,3.810624999999926,,376.245586847255,41.1211074460352,71.96666666666667,0.1795364401266037,83.83666666666666,0.02309401076757838,,,62.48333333333333,0.2874601421646711
GDPa3-037,IgG1,Kappa,EVQVVESGGGLIQPGGSLRLSCAASGFTVSSSYMGWVRQAPGKGLAWVSLFYSDTTGGATYYADLVKGRFTISRDRSKNTLDLQMNNLRAEDTALYYCAGHSRVYGSPAFDFWGQGTMVTVSS,DIQMTQSPSSLSASVGDRLTITCRASQSIRSYLNWYQQKPGKAPKLLISAASTLQSGVPSRFSGSGSGTDFTLTISSLQPEDFATYYCQQSYSIPLTFGGGTKVVIK,0.5,0.0,7.25,0.5,4.362416666666666,,2.575033333333333,,0.0104231533742725,0.020846306748545,0.1002396255633695,0.0001222216301886832,99.5156749713454,,2.734374999999988,,1408.430214863323,46.71952488577276,70.59333333333332,0.1106044001535813,83.82,0.4504442251822069,,,64.55666666666666,0.1404753833713684
GDPa3-038,IgG1,Kappa,EVQLLESGGGLVQPGGSLRLSCEASGFTLSDYAMSWVRQTPGTGLVWVSTTGRVGDTYYADSVKGRFSISRDNSKNTMFLQMNGLRAEDTAVYYCARNIVPARSKWFDPWGQGTLVTVSS,ETVLTQSPATLSLSPGERATLSCRASRSVGNYLAWYQQKPGQAPRLLIYDASNRATGIPARFSGSGSGTDFTLTISSLEPEDFAVYYCQHRDNLWTFGQGTNVE,-0.5,0.0,-0.5,0.0,,,2.516733333333333,,0.1007851472246015,0.0002719122281081914,0.09994214595420703,0.0001213972825702726,70.86216547521163,,2.385625000000007,,438.1995262660143,4.285044148615636,59.47333333333334,0.02309401076758351,,,,,52.74333333333334,0.1123981020005864
GDPa3-039,IgG1,Lambda,QVQLQQWGAGLLKPSETLSLTCAVYGGSFSGYYWIWIRQPPGKGLEWIGEINHSGGTNYNPSLKSRVTISVDTSKNQFSLKLSSVTAADTAMYYCARLKSRSSWAAFDIWGQGTMVSVSS,QAGLTQPPSVSKGLRQTATLTCTGNTNNVGNQGAAWLQQHQGHPPKLLSYRNNNRPSGISERVSASRSGNTASLTITGLQPEDEADYYCSAWDSSLSAWVFGGGTKLTVL,7.5,0.0,26.25,0.9574271077563381,5.979116666666667,,2.483366666666667,,0.4272962431747538,0.07423968646477391,0.1235305134865315,0.01711885145353366,97.7980718601155,,2.682083333333324,,787.2756805914818,49.7896475149999,69.14999999999999,0.05291502622129068,82.76333333333334,0.3271594921950687,,,62.84333333333333,0.05686240703077278
GDPa3-040,IgG1,Lambda,EVQLVQSGAEVKKPGESLRISCKGSGYSFTSYWISWVRQMPGKGLEWMGKIDPSDSYTNYSPSFQGHVTISADKSISTAYLQWSSLKASDTAMYYCARHSRGGSSYWFDPWGQGTLVTVSS,QTVVTQEPSFSVSPGGTVTLTCGLRSGSVSTSYYPSWYQQTPGQAPRTLIYNTNTRSSGVPDRFSGSILGNKAALTITGVQADDESDYYCVLYMGSGISVFGGGTKLTVL,0.0,0.5773502691896257,0.5,0.0,4.188283333333334,,2.4584,,0.1030021570626465,0.0009937364774936848,0.1033337941339385,0.0005662691860076247,99.64958362764942,,2.680833333333323,,770.8261997772,25.53960242719729,70.52,0.07937253933193066,76.33,0.3031501278244775,85.76333333333334,0.3758102358017084,64.41666666666667,0.1457166199626251
GDPa3-041,IgG1,Kappa,EVQLLESGGGLVQPGGSLRLSCAASGFTFSSHAMSWVRQAPGKGLEWVSIISIRGDITYYADSVKGRFTISRDNSKNTLILQMNSLRADDTGVYYCAKPRGENIGRLGVDYWGQGTLVTVSS,AIQLTQSPSSLSASVGDRVTITCRASQGISSALAWYQQKPGKAPKLLIYDASSLESGVPSRFSGSGSGTDFTLTISSLQPEDFATYYCQQFNTYPITFGQGTRLEIK,0.25,0.5,0.0,0.5773502691896257,4.091666666666667,,2.350016666666667,,0.000958933099813275,0.00191786619962655,0.0896067227505862,0.01783427834109413,99.82642208734042,,2.683958333333323,,880.555874515765,14.42483348507854,72.58666666666666,0.05686240703076987,84.23666666666666,0.3056686659331238,,,66.70333333333333,0.075718777944
GDPa3-042,IgG1,Lambda,EVQLLESGGDLVHPGGSLRLSCVVSGFTFDTQAFAWIRQAPGKGLEWVSGITGDTGATYYADAVRGRFTLSRDNSKKTLYLQMNDLRVEDTALYYCARYDYIGRLKASFGLWGRGALVTVSS,SYELTQAPSVSVSPGQTANITCSEDTLGDKYVSWYQQKSGQSPILVIFQDSKRPSGISERFSGSNSGNTATLTISGAQAMDEADYSCQVWDNGLVRVVFGGGTKLTVL,0.5,0.0,5.5,0.8164965809277259,4.636666666666667,,2.391683333333333,,0.0088968631310454,0.01258206450250156,0.05690899447272203,0.0483399641431919,99.26927274552135,,2.62729166666666,,264.0188060036964,4.158241755821925,63.19666666666667,0.03055050463303479,,,,,56.81999999999999,0.09539392014169337
GDPa3-043,IgG1,Lambda,EVQLVESGGGLVQPGRSLRLSCAASGFTFDDSAMHWVRQAPGKGLEWVSGISWNSGSIGYADSVKGRFTISRDNAKNSLYLQMNSLRAEDTALYYCAKDTDFSGYYYYMDVWGKGTTVTVSS,QSALTQPPSVSGSPGQSVTISCTGTSSDVGSYNRVSWYQQPPGTAPKLMIYEVNNRPSGVPDRFSGSKSGNTASLTISGLQAEDEADYYCSSYTSSSTFYVFGTGTKVTVL,0.5,0.0,-0.5,0.0,,,2.666716666666667,,0.005883210322091725,0.00635038046564217,0.04020656781642423,0.02314044273238892,99.15947905377601,,2.741041666666653,,818.1476474076034,25.28407805513952,63.54,0.04582575694955471,78.86666666666666,1.120238069935731,84.61333333333333,0.6401041581909452,56.82333333333333,0.04932882862316202
GDPa3-044,IgG1,Kappa,QVQLVQSGAEVKKPGSSVKVSCKASGGTFSSFAISWVRQAPGQGLEWMGGIIPIYGTANYAQKFQGRVTITADESTSTAYMELSSLRSEDTAVFYCAIASMIADWYYGMDVWGQGTTVTVSS,DIQMTQSPSSVSASVGDRVTITCRASQGIASWLAWYQQNPGKAPKLLIYTASNLQGGVPSRFSGSGSGTDFTLTISSLQPEDFATYYCQQTNSFPLTFGGGTKVEIK,0.5,0.0,0.5,0.0,4.00495,,3.291683333333333,,0.01082678117690505,0.0137434483442504,0.0561732329103278,0.05111650605997112,99.7274985101945,,3.234166666666625,,253.8984980505867,6.733500104707201,70.89333333333333,0.2081665999466122,81.63666666666667,0.3839704849768233,,,63.53,0.2893095228297895
GDPa3-045,IgG1,Kappa,EVQLVQSGAEVKKPGESLRISCQGSGYTFTSYWIGWVRQMPGKGLEWMGITNPDDSDSRYSPSFQGLVTLSVDKSINAAYLQWSRLKASDTAIYYCARAQWDIVSPGNAFDIWGQGTRVTVSS,DIQMTQSPSSVSASVGDRVTITCRASQGISSWLAWYQQKPGKAPKLLIYIVSTLQSGVPSRFSGSGSGTDFTLTISSLQPEDFATYYCQQTNTFPWTFGQGTKVEI,0.25,0.5,12.25,0.9574271077563381,4.090783333333333,,2.55005,,0.1706331548413487,0.01197512501583205,0.09436008080370027,0.01108948056041452,82.84156799529018,,2.706041666666656,,131.2222704003473,6.263941256033895,69.08666666666666,0.1436430761761047,84.74666666666667,0.6658328118479357,,,62.03666666666667,0.365558932777377
GDPa3-046,IgG1,Kappa,QVQLQQWGAGLLKPSETLSLTCAVYGGSFSGYYWNWIRQHPGKGLEWIGEINQSGSTNYNPSLKSRVTISVDTSKNQFSLKLSSVTAADTAVYFCARTLRATFVTGGQVHVWGQGTTVTVSS,EIVLTQSPGTLSLSPGERATLSCRASQSVSSSYLAWYQQKPGQAPKLLIYATSSRATGIPDRFSGGGSGTDFTLTISRLEPEDFAVYYCHQYSGSPPDTFGQGTKLEIK,0.0,0.5773502691896257,-0.75,0.5,4.04665,,2.566683333333333,,0.05828516528812075,0.03572438838030577,0.067591563066923,0.04313536920953847,99.4219507710418,,2.692291666666656,,1153.656732056707,49.20559007931728,71.55333333333334,0.05131601439446706,84.25333333333333,0.0907377172587709,,,62.75333333333333,0.1858314648635494
GDPa3-047,IgG1,Kappa,QVRLVESGGGVAQPGKSLRLSCAASGFTFSNFGMHWIRQAPGKGLEWVAVISFDGSNKFERDSLKGRFTISRDNSKNTLYLHMNSLRPEDTAVYYCAKEFGGAISGKDAFDAWGQGTMVAVSS,DIQLIQSPSTLSASVGDRVTIACRASQSMGPWLAWYQQKPGKGPKLLIYRTSRLEVGVPSRFSGSGSGTEFTLTISGLQPDDVATYYCQQYDSHLLTFGGGTKLEIK,0.5,0.0,6.0,0.5773502691896257,4.44415,,2.491716666666667,,0.135282834725081,0.02723607916032923,0.1207493422352657,0.003853865277859692,97.04625752453299,,2.697083333333323,,1052.1006651645,25.93815016976381,72.47666666666667,0.09865765724632729,84.64999999999999,0.1248999599679733,,,64.58999999999999,0.07549834435270471
GDPa3-048,IgG1,Lambda,QLQLQQSGSRLLKPSQTLSVTCTVSGDSVDSGAHSWTWIRQPPGKGLEWIGYVSHSGVTYYVPSLRSRVTMSVDRSKKQVFLKVGSVTAADTAVYYCARGGWDYEDYVPNLDYWGQGTLLTVSS,QSVLTQPPSASGTPGQRVTISCSGSSSNIGNNAVNWYQHLPGTAPKLLIYTNNQRPSGVPDRFSGSKSDTSASLAISGLQSEDEADYYCATWDDSLYVLLFGGGTKLTVL,0.25,0.5,0.0,0.5773502691896257,4.47075,,2.716733333333333,,0.01102874047703582,0.02205748095407165,0.05443771625274388,0.03032117855795317,97.13650312989917,,2.684166666666657,,1134.087921151303,44.69829493562951,68.47333333333334,0.1350308606701884,77.35666666666667,0.3350124375800668,83.90666666666667,0.1644181660685145,62.68333333333334,0.1006644591369402
GDPa3-049,IgG1,Lambda,QVQLHQWGAGLLKPSETLSLTCAVSGGSLSEDFWSWTRQSPGKGLEWLGEINHSGSTNYNASLRSRVTISVDASKNQFSLRLTSVTAADTAVYFCARRLTLVAHSFHNYMDVWGKGTPVTVSS,QSVLTQPPSVSGAPGQRVLISCTGSGSNIGAGYDVHWYQQVPGTAPKLLIYGNNYRPSGVPDRFSGSKSGPSASLAITGLRDEDEADYFCQSYDNKLSGVLFGGGTKLTV,0.25,0.5,-0.5,0.0,4.059116666666666,,2.500016666666667,,0.001221463668591275,0.001591669126320597,0.058997481079426,0.01394527512403328,93.47165433288592,,2.709166666666656,,487.128558949641,0.0,66.64333333333333,0.06110100926606958,79.14666666666666,0.4954122862155668,,,60.02,0.02645751311064198
GDPa3-050,IgG1,Lambda,QLVESGGGVVRPGSSLRLSCASSGFTLSSYGMHWVRQAPGKGLDWVAVIWYDRSNVYYGDSVKGRFTISRDNSKNTVFLQMNSVRAEDTAVYYCARVKEQWLSRGGNSFDLWGQGTLVTVS,QSVLTQPPSVSGAPGQRVTISCTGSSSNIGAGYDVHWYQQFPGTAPKLLIYNNRNRPSGVPDRFSGSKSGSSASLAITGLQAEDAADYYCQSSDSSLSGSKVVFGGGTKLTVL,1.25,0.5,22.75,0.4999999999999997,,,2.85835,,0.1160323821956157,0.003050618066298501,0.1423002741124258,0.004727987294214911,84.90438076086829,,2.867291666666647,,589.8535622961173,23.53113817310716,62.77666666666666,0.2324507116214786,76.0,0.0,84.5,0.2847806173179643,53.52666666666666,0.5953430383680756
GDPa3-051,IgG1,Lambda,EVQLVQSGAEVKEPGESLRISCKGSGYSFTKSYITWVRQLPGKGLEWMGEIDPRDSYVNYSPSFQGHVTLSADNFITTAYLQWSSLRASDTAMYYCARRSDDYGDYYGRYFDYWGQGTLVTVSS,QSALTQPASVSGSPGQSITISCIGTSSDVGGYNYVSWYQQHPGKAPKLMIYAVTDRPSGVSDRFSGSRSGDTAHLTISGLQAEDEADYYCSSYVDNSALPLVFGGGTKLTVL,7.25,0.5,24.25,2.217355782608345,1.133266666666667,,2.8334,,0.0226941182746505,0.02622542442949583,0.0399883868839978,0.01445805028142486,98.63381400827375,,2.759583333333319,,474.7736032336113,16.64037311340735,63.79333333333333,0.0404145188432736,76.97,0.461302503786826,84.24333333333334,0.3108590248542487,56.95,0.03464101615137783
GDPa3-052,IgG1,Lambda,QVQLVESGGGLVKPGGSLRLSCTASGFIFGDHYMSWIRQAPGKGLEWVSYITSSSSYTNYADSVKGRFTISRDNAKKSLFLQMNSLRAEDTAVYYCARVESVVVPIAGNWFDSWGQGTLVTVSS,SYELTQPPSVSVSPGQTASITCSGDKLGNKYVSWYQQRPGQSPVLVIYQDDKRPSGIPERFSGSNSGNTATLTISGTQAMDEADYYCQAWDSSPVVFGGGTKLTVL,0.5,0.0,17.25,1.892969448600091,3.971616666666667,,2.550016666666667,,0.0,0.0,0.05283114295137907,0.03969016041222247,99.23048168236117,,2.690833333333323,,816.6651557167907,27.9630788686163,68.64,0.05567764362830126,77.51,0.1126942766958407,82.74666666666667,0.3100537587795673,62.3,0.03605551275464085
GDPa3-053,IgG1,Lambda,EVQLLESGGRLVQPGGSLRLSCATSGFTFTSFAMTWVRRAPGKGLEWVSSIGGSGVRTYYADSVKGRFTISRDNSKNTVYLQMNSLRAEDTAIFYCAKFAPFWTTTDYDYYMDVWGKGTTVTVSS,SYVLTQPPSVSMAPGKTAKITCGGNNIGTKTVHWYQQKPGQAPLLVMYYDSDRPSGIPERFSGSNSGNTATLTISRVEAGDEADYFCQVWDNTSGQPVFGGGTTLTVL,0.25,0.5,0.5,0.816496580927726,4.476666666666667,,2.53335,,0.0,0.0,0.04126606859305582,0.0292663457307853,98.21223694542843,,2.68124999999999,,931.5921259588682,45.4913775023152,74.63666666666667,0.05773502691896852,86.58333333333333,0.1814754345175521,,,63.86333333333334,0.180092568789866
GDPa3-054,IgG1,Lambda,QVQLVDSGGGVVQPGRSLRLSCAASGFTFSDYAFHWVRQAPGKGLQWVTFMSYDGSKKFYADSVKGRFTISRDNSKNTVYLQMNSLRPEDTAVYYCARDNLQMGILTAIGVVDHWGQGTLVTVSS,SYVLTQPPSVSVAPGQTARITCGGNNIRSKSVHWYQQKPGQAPVLVVSDDIARPSGIPDRFSASNSGNTAALTISRVDGGDEADYFCQVWDSNTEHVVFGGGTKLTVL,0.5,0.0,-0.75,0.5,4.312433333333333,,2.425066666666666,,0.04709365191547785,0.01009397351166662,0.0998675922792831,0.0001128051166502063,98.54946945274774,,2.684166666666657,,946.6402138532434,38.9071540492287,67.70333333333333,0.04618802153516805,76.24666666666667,0.206478408879314,82.82666666666667,0.2150193789715986,61.62666666666667,0.1789785834487859
GDPa3-055,IgG1,Kappa,EVQLVESGGGLVQPGGPLRLSCVASEFTFSEYWMTWIRQAPGEGLEWVANIKGDGSVKYYVDSVEGRFTISRDNADSSLFLRMNSLRAEDTAMYYCVRDRNYHDRRTYYDVLDVWGPGTMVTVSS,AIQMTQSPSSLSASVGDRVTITCRASQGIRSDLGWYQQKAGKAPKLLIYSASTLQSGVPSRFSGSGSGTDFTLTISSLQPEDFGTYYCLQDYNYPRTFGQGTKVEVK,1.25,0.5,5.0,0.5773502691896258,4.203316666666667,,2.341666666666667,,0.09126931301810755,0.01236889023493134,0.09976554285527292,7.446669797592268e-05,96.48616025873778,,2.671249999999991,,88.71172645457663,5.104112023347975,52.77,0.1417744687875822,68.52999999999999,0.6077005841695435,83.06666666666666,0.3971565602295025,46.58666666666667,0.1242309676905595
GDPa3-056,IgG1,Lambda,QEQLVESGGGVVQPGRSLRLSCAASGFTFRTFAIHWVRQVPGKGLEWVAVISYDGSNEYYSDSVKGRFTISRDNSKNTLYLQMNSLRAEDTALYYCARDWGGYSHFAYYSYMDVWGKGTTVTVSS,QSVLTQPPSVSAAPGQKVTISCSGSSSNIGNNYVSWYQQLPGTAPKLLIYVNDKRPSGIPDRFSGSRSGTSATLAITGLQTGDEADYYCGTWDSSLSTGVFGGGTKLTVL,0.5,0.0,0.5,0.0,4.0741,,2.6167,,0.0,0.0,0.05911826661421965,0.01980248835104115,98.99344599109075,,2.731041666666654,,645.4143184450263,13.15577227074109,71.22666666666667,0.08962886439832264,84.17666666666666,0.2250185177565065,,,63.06666666666666,0.05686240703077409
GDPa3-057,IgG1,Lambda,EVQLVQSGAEVKKPGESLKISCKGSGYNFATYWIAWVRQMPGKGLEWMGIIYPADSDTTYSPSFQGQVTISADKSISTAYLQWSSLKASDTAMYYCARRADYYDSSGDYLDAFDIWGQGTMVTVSS,QSALTQPASVSGSPGQSITISCTGTSSDVGGYNYVSWYQQHPGKAPKLMIYDVSNRPSGVSNRFSGSKSGNTASLTISGLQAEDEADYYCSSHTSSSSLGVFGTGTKVAVL,0.5,0.0,-0.5,0.0,1.7058,,2.500016666666667,,0.01879907644617325,0.03436016200370839,0.003160914310062375,0.004746500330061979,99.46661781826032,,2.674166666666657,,575.7715179322721,26.60006390894927,69.76333333333334,0.0404145188432832,77.33333333333333,0.2417298767908827,83.59,0.0953939201416942,63.85666666666666,0.1001665280087736
GDPa3-058,IgG1,Lambda,LQLQESGPGLVRPSETLSLTCSVSGGSISSSDHLWGWIRQPPGKGLQWVGSIYYTGRTYDNPSLRGRLTISVDTSRNQFSLRLNSVTAADTAVYYCARHDEARPYFYRSSGYFDMWGQGTVLTVSS,QSVLTQPPSVSGAPGQRVTISCAGTSSDIGAGYDVHWYQHLPGTAPKLLIYGDNNRPSGVPDRFSGSKSGASASLAITGLQVEDEAEYYCQSYDSSLSGSWVFGGGTKLTV,0.75,0.5,6.0,0.5773502691896257,1.7291,,2.700066666666667,,0.009530040486273325,0.0141160006691327,0.02538070055650115,0.03915099014272503,97.7623187687165,,2.902499999999978,,600.6485823327816,22.38839586674589,71.96333333333332,0.2218858565418973,78.83666666666666,0.02081665999466259,,,61.52,0.6773477688750451
GDPa3-059,IgG1,Kappa,HLAQSGGGVVQPGRSLTLSCAASGFTFASSDMHWIRQGPGKGLEWVAVISFTGETKNYADSVRGRFTISRDNSRSTLHLQMYGLRADDTAVYYCASGPHHSGSGTYYPSYLYGWGPGAPVTVSS,EIEMTQSPATLSVSPGETATLSCRASQSIRSNLAWYQQKPGQAPRLLIYGASTRATGIPGRFSGSGSGTEFTLTISSLQSEDFVVYYCQQYDEWPPLTFGGGTKVEIK,0.5,0.0,1.5,0.816496580927726,4.241616666666666,,2.491683333333333,,0.03942976569368085,0.0302605644444592,0.1112229472221345,0.00120875308261532,97.04919921459067,,2.698124999999989,,838.4608225503213,26.5320324380916,72.29666666666667,0.07767453465154435,84.70666666666666,0.1594783161854104,,,63.01,0.06557438524301698
GDPa3-060,IgG1,Kappa,QVQLQQWGAGLLKPSETLSLTCAVYNGSSSAHYWSWVRQPPGKGLEWIGEISHGGSTTYNPSLKGRVSISVDTPKNQFSLNLSSVTAADTAVYYCATRAIHFRNRNFYSFYVEVWGKGTTVTVSS,EIVLTQSPGTLSLSPGERATLSCRASQSVSSSKLVWYQQRPGQAPRPLIYGASSRATGIPDRFSGSGSETDFTLTISWLEPEDFAVYYCHQYGSSPRTFGQGTKVEIK,0.5,0.0,7.75,0.5,4.54495,,2.733333333333333,,0.3978048653319085,0.01358476251502371,0.2356672891359393,0.01428025923972048,99.53009394779417,,2.671041666666658,,751.007062650495,20.43217479157787,71.64,0.3176476034853659,79.38333333333334,0.07023769168568209,,,60.51666666666667,0.8164761682580426
GDPa3-061,IgG1,Lambda,EVQLLESGGGLVQPGGSLRLSCAASGFTFSNSAMSWVRQAPGKGLEWVSGIGGSGRTTYYAESVKGRFTISRDNSNNTLYLQMNSLRAEDTAFYYCAKDGRGLSIFGVLTPYYFDYWGQGALVTVSS,QSALTQPASVAGSPGQSITISCTGTSSDVGGYNYVSWYQHHPGKAPKLIIYDVIYRPSGVSDRFSASKSGNTASLTISGLQTEDEADYYCSSYTSNSTPFVFGTGTKVTVL,0.0,0.5773502691896257,-0.5,0.0,,,2.791733333333333,,0.01038156111753612,0.01384186206827464,0.04283239748829262,0.01223442348444537,99.55347181940904,,2.842916666666648,,661.7691490658223,8.280181862249252,71.83,0.01732050807569046,83.82,0.1931320791582792,,,64.74666666666667,0.01154700538379637
GDPa3-062,IgG1,Lambda,QVQLQQSGPGLVKPSQTLSITCDISGDSVSSNSAAWNWIRQSPSRGLEWLGRTYYKSKWYDDYAVSVKSRITINPDTSMNRFSLHLKSVTPEDAAVYYCARERVSMVRGIIMTYYGMDVWGQGTTVSVSS,QSELTQPPSASGTPGQRVTISCSGSSSNIGSYTVNWYQQLPGTAPKLLIHNDDRRPSGVPDRFSGSKSGTSASLAISGLQSDDEADYYCATWDDSLNGRVFGGGTKLTVL,0.5,0.0,1.5,0.0,4.253266666666667,,2.5084,,0.0450720918308392,0.009824931600758887,0.04388350148511048,0.03010803677126757,98.79574664668634,,2.677708333333324,,912.8766284447951,0.0,71.58999999999999,0.115325625946701,83.33666666666666,0.5934082349726346,,,63.74666666666667,0.3523256069793013
GDPa3-063,IgG1,Lambda,QVLLEEAGPGLVKPSETLSLTCTVSRGSVSSSSYNWGWIRQTPGKGLEWIGSIYHSGTTYYNPSLRSRVTISADTSNERFSLNLSYVTAADTAVYYCARGTITIFGPFIDRGYYFDYWGQGILVTVPS,QSALTQPASVSGSPGQSITISCTGTSSDVGAYNYVSWYQLHPGKAPKLIIYDVTNRPSGISYRFSGSKSDNTASLTISGLQTEDEADYYCSSYTTGSTLLFGGGTKLTVL,0.5,0.0,2.0,0.5773502691896257,1.734933333333333,,2.883333333333333,,0.0424681334512646,0.02933683304092987,0.0732134685628746,0.0327360459213928,98.23279512787097,,2.908124999999978,,408.5828712836933,19.92262429358468,72.62,0.07000000000000384,83.33666666666666,0.3262412195497924,,,64.61999999999999,0.1833030277982347
GDPa3-064,IgG1,Kappa,EVQLVESGGGLVQPGGSLRLSCAGSGFIFSSYEVNWVRQAPGKGLEWISYITESGNVIFYADSVKGRFTISRDNAKSSVYLQMNSLRVDDTAVYFCARMGEWNLRLGDPYYHAMDVWGQGTRVTVSS,DVQMTQSPSSLSASVGDRVTITCRASQSISPYVNWYQQKPGKAPKLLIYAASSLQSGVPSRFSGSGSGTDFTLTISSLQPEDFATYYCQQSFNKRGFGGGTKVEIK,0.5,0.0,-0.5,0.0,4.08915,,2.475016666666667,,0.0,0.0,0.09897801625686055,0.001522615148464181,99.49219874686487,,2.697916666666656,,1236.19592812477,40.9074386890113,72.45666666666666,0.08736894948053986,85.02,0.115325625946701,,,63.94,0.05196152422706368
GDPa3-065,IgG1,Lambda,EVQLVESGGGLIQPGGSLRLSCAASGFSVSNSYMSWVRQAPGKGLEWVSFIYSGGSTYYADSVKGRFTISRDNSKNTLFIQMNSLRVEDTAVYYCARVSEYDFWTGQRYYFYYMDVWGKGTTVTVSS,QSALTQPASVSGSPGQSITISCTGTSSDVGGYNYVSWYQQHPGKAPKLMIYDVTNRPSGVSNRFSGSKSGNTASLTISGLQAEDEADYYCSSYTSSSPLGVFGGGTKLTVL,0.5,0.0,6.75,0.4999999999999999,,,3.22505,,0.00384859983162975,0.0076971996632595,0.0497683678308503,0.0299175326087212,99.29669306923934,,3.677708333333267,,784.1119190175297,30.08643387270247,69.02333333333333,0.01527525231652263,77.00333333333333,0.2064784088793124,83.74333333333334,0.06429100507328886,63.39666666666667,0.01527525231651565
GDPa3-066,IgG1,Kappa,QLQLQESGPGLVKPSETLSLTCSVSGGSISTSPYYWGWIRQPPGKGMEWIGTINYRGTTFHNPSLTSRVTLSVDPSKNQFSLRLNSVTAADTAVFYCARLAEDYRSSSGFPRGYYFDYWGQGILVTVSS,EIVMTQSPATLSVSPGERATLSCRASQSVSSNLAWHQQKPGQAPRLLIYGASTRATGIPARFSGSGSGTEFTLTISSLQSEDFAVYYCQQYNTWPPVYTFGQGTKLEIK,0.5,0.0,8.0,0.5773502691896257,4.300816666666667,,2.6584,,0.232257530139242,0.02649964962361245,0.204639460622062,0.01486323426539832,97.98570181468125,,2.774374999999985,,864.3076554074573,23.40169714590918,70.33999999999999,0.1058300524425874,84.27,0.03000000000000114,,,61.73333333333333,0.2074447717666903
GDPa3-067,IgG1,Kappa,QVQLVQSGTEVKKPGASVIVSCKASGYNFRSFGISWVRQAPGQGLEWMGWISGYSGDTNYIQKLHDRVIMTTDTSTDTAYMELRSLTSDDTAVYFCARDDVGDGRNSDIHLRGDFEYWGQGTLVIVSS,DIQMTQSPSSLSASVGDRVTISCQASHDISDYINWYQQKPGKAPKLLIFDASNLETGVPSRFSGSGSGTDFTLTISSLQPEDIATYYCQQYDNLPLTFGGGTKVDMK,-0.25,0.5,-0.75,0.5,1.704966666666667,,2.40835,,0.0272082696631216,0.02196219688809177,0.0087441357177878,0.01120414305063454,99.83940921729643,,2.654791666666659,,906.4289862213654,8.462824312061672,67.66333333333334,0.1096965511460307,83.77,0.2685144316419582,,,62.05333333333333,0.0550757054728606
GDPa3-068,IgG1,Lambda,QVHLMQSGPELKKPGASVKVSCKASGYTFTDYGLTWVRQAPGQGLEWMGWISTYKGDTNYEQKFHHRVTLTTDTSTSTAYMELRSLRVDDTAVYYCARGLFGVLISKIRFSYYYMDVWGQGTTVTVSS,QSVVTQPPSASGSPGQRVTISCSGSSSNIGRNAVNWYQQLPGTAPKLLIYNNDQRPSGVPDRFSGSKSDTSASLAISGLQSEDEADYYCAAWDDGLNGRYVFGTGTKVAVL,0.25,0.5,0.75,0.5,4.208333333333333,,2.5917,,0.03224407207278342,0.01679419928044487,0.1008597450437528,0.0003511067402245677,97.53672847513236,,2.672916666666657,,970.0945680156556,29.02468347166028,74.89333333333333,0.09712534856222114,85.89999999999999,0.1212435565298212,,,64.92333333333333,0.2821937868439625
GDPa3-069,IgG1,Lambda,QVQLVESGGGLVKPGGSLRLSCAASGFTFSDYYMSWIRQAPGKGLEWVSYISSTSSYTKYADSVKGRFTISRDNAKNSLYLQMNSLRAEDTSVFYCARLLEPTYYDILTGSNGYYFDYWGQGTLVTVSS,QSVLTQPPSVSAAPGQKVTISCSGSSSNIGNNYVSWYQQLPGTAPKLLIYENNKRPSGIPDRFSGSKSGTSATLGITGLQTGDEADYYCGTWESSLSAVVFGGGTKLTVL,0.5,0.0,-0.5,0.0,,,2.875016666666667,,0.01294509407636707,0.01510280036057083,0.04991124272771255,0.05763254567799979,98.88352214106271,,2.906458333333311,,817.6609082688905,40.03814626756402,71.54,0.07000000000000815,83.39666666666666,0.2030599254735717,,,64.74333333333334,0.08326663997864182
GDPa3-070,IgG1,Lambda,EVQLVESGGGLVKPGGSLTLSCAASGFTFSTYTMNWVRQAPGKGLEWVSSISSSSDDIFYADSLKGRFTVSRDNARNSLYLQMNSLRAEDTAVYYCARDQLTSTIVARALRYYPYMDVWGRGTTVTVSS,SSEVTQDPAVSVALGQAVRITCQGDSLRGYFTNWYQQKPGQAPVLVIFAGNNRPSGIPDRFSGSSSGNTAFLTITGAQAEDEADFYCSSRDRSGNRYVFGPGTKVTVL,1.25,0.5,23.0,0.5773502691896257,,,2.6,,0.3249519627018972,0.02174384701246811,0.1603646064744125,0.01082835350231656,97.91995391461363,,2.711041666666655,,1007.492423780625,40.15340592218396,74.16000000000001,0.03464101615138091,,,,,63.67333333333332,0.1258305739211788
GDPa3-071,IgG1,Kappa,QVQLQQSGPGLVKPSQTLSLTCVISGDSVSSNSAAWNWIRQSPSRGLEWLGRTYDRSKWYNDYAVSVKGRITINPDTSKNQFSLQLTSVTPEDTAVYYCARDRGLAGHYYDSNVYYGAFDIWGQGTMVTVSS,DIQLTQSPSSLSASVGDRVTITCRASQGISSYLAWYQQKPGKAPQLLIYAASTLQSGVPSRFSGSGSGTDFTLTISSLQPEDFATYYCQQLNSYPPITFGQGTRLEIK,0.5,0.0,4.0,0.5773502691896258,4.039966666666666,,2.791733333333333,,0.001693450998483125,0.00338690199696625,0.05351236438510218,0.04945583369072948,99.30224802484612,,2.944791666666642,,965.1977209988557,16.09312386383924,72.88333333333334,0.08082903768654588,84.71666666666665,0.1401189970465569,,,65.46666666666667,0.1184623709594449
GDPa3-072,IgG1,Lambda,QVQLQESGPGLVKPSETLSLTCTVSGGSVSSGSYYWSWIRQPPGKGLEWIGYIYYSGSTNYNPSLKSRVTISVDTSKNQFSLKLSSVTAADTAVYYCARDNSFDPSDAVRDYYYYYMDVWGKGTTVTVSS,QSVLTQPPSVSAAPGQKVTISCSGSSSNIGNNYVSWYQQLPGTAPKLLIYDNNKRPSGIPDRFSGSKSGTSATLGITGLQTGDEADYYCGTWDSSLSAGWVFGGGTKLTVL,-0.25,0.5,-0.75,0.5,3.77075,,2.575066666666667,,0.0,0.0,0.01443521679746783,0.01034910641483452,98.27850328682055,,2.68812499999999,,526.2996723376214,14.54049236254435,74.02666666666666,0.07371114795831475,86.15666666666668,0.06658328118479848,,,62.97666666666667,0.2311565126344765
GDPa3-073,IgG1,Lambda,EVQLVESGGGLVQPGRSLRLSCTASGFTFGDYAMSWVRQAPGKGLEWVGFIRSKAYGGTTEYAASVKGRFTISRDDSKSIAYLQMNSLKTEDTAVYYCTRGVEDIVVVVAATPYYYYYMDVWGKGTTVTVSS,SYELTQPPSVSVSPGQTARITCSGDALPKQYAYWYQQKPGQAPVLVIYKDSERPSGIPERFSGSSSGTTVTLTISGVQAEDEADYYCQSADSSGTYQVVFGGGTKLTVL,0.25,0.5,0.25,0.5,4.06495,,2.7667,,0.009418580118484175,0.01883716023696835,0.02478112040587945,0.02904833291227546,96.33672837188142,,2.714583333333322,,773.5827013975983,27.25797746186812,71.02,0.03605551275463715,81.94666666666667,0.08144527815247572,,,61.16999999999999,0.4680811895387352
GDPa3-074,IgG1,Lambda,QVQLVQSGTEVKKTGASVRVSCKASGFSFSKYGVSWVRQAPGQGLEWMGYISANDGYREFTQTLQGRVTMTTDTSTNTAYMDVTSLRSDDSAVYYCARDVGHFGDLLNFSAERSSLMDVWGQGTTVTVSS,QAVVTQEPSLTVSPGGTVTLTCGSNTGAVTSGHYPYWFQQKPGQAPRTLIYDTSNKHSWTPARFSGSLLGGKAALTLSGAQAEDEAEYYCLLSYSTTREFGGGTKLTVL,0.0,0.5773502691896257,-0.5,0.0,,,2.741683333333333,,0.00462520476109295,0.005376137100660451,0.03049250475917437,0.02205694049736768,97.79977492308643,,2.759374999999986,,725.4820265191153,23.8157514101304,66.93666666666667,0.03214550253663826,76.79,0.8310836299675216,82.70333333333333,0.9600173609541358,60.44333333333333,0.01527525231651895
GDPa3-075,IgG1,Lambda,QVQMVESRGGVVQPGRSLRLSCAASGFTFSSYAIHWVRQAPGKALDWVALISYNGNDKYYADSVKGRFTVSRDNSKNTLYLQMNSLRGEDTAVYYCARGGIQITVTTSLRPAYFYYMDVWGKGTTVTVSS,YELTQPPSVSVSPGQTARITCSGDALSKQYAYWYQQKPGQAPVMVIYKDTERPSGIPERFSGSSSGTTVTLSISGVQAEDEADYYCQSTDSSTIYVLFGGGTKLTVL,0.5,0.0,8.75,0.5,4.827433333333333,,2.70005,,0.0,0.0,0.09095060038616243,0.01018397147093768,98.29515593694268,,2.68999999999999,,338.0703788632454,11.17897869187215,68.22666666666667,0.01527525231651914,77.55333333333333,0.2441993720985649,83.3,0.4616275555033505,61.68333333333334,0.1680277754817135
GDPa3-076,IgG1,Lambda,EVQLVESGGGLVQPGGSLRLSCAASGFTFSSYEMNWVRQAPGKGLEWVSYISSSGSTIYYADSVKGRFTISRDNAKNSLYLQMNSLRAEDTAVYYCARGGIEGEILWWRDAGSDDAFDIWGQGTMVTVSS,SSELTQDPAVSVALGQTVRITCQGDSLRSYYASWYQQKPGQAPVLVIYGKNNRPSGIPDRFSGSSSGNTASLTITGAQAEDEADYYCNSRDSSGNHLGVFGGGTKLTVL,0.5,0.0,3.25,0.5,,,3.175016666666667,,0.1019839606681215,0.0004534688662799958,0.04924106173348355,0.01782526109983036,99.45509703010362,,5.507916666666497,,503.8148273575644,19.94624020469564,70.90333333333332,0.02081665999465889,82.59333333333332,0.5441813423237994,,,64.38,0.06928203230275874
GDPa3-077,IgG1,Kappa,QGQLVQSASEVKKPGTSVTVSCKASGYSFTSHGVSWVRQAPGQGLEWIGWVSPKNQNTKYSQRFQGRVSMTTDTSATTAYMELRSLTSDDTGVYYCARDSPPMGLGMGEYFGAYYYGMDVWGQGTTVSVSS,LTQSPGTLSLSPGESATLSCRASQRMSSTYLAWYQQRPGQAPRLLMYGSSKRATGVPDRFSGFGSGTDFVLTINNLEPEDSAFYYCQQYGFSPFTHTFGQGTKLEI,0.5,0.0,3.0,1.0,,,4.8,,0.2945326928609328,0.002707765611671751,0.2025812974679218,0.019977747301076,31.14317195352923,,2.916666666666643,,337.399997147284,8.583114758827374,56.45,0.7353910524340114,58.55500000000001,0.04949747468306104,69.785,0.8980256121069075,33.17,0.7353910524340114
GDPa3-078,IgG1,Kappa,EVQLVESGGGLVQPGGSLRLSCAASGFTFSRYWMSWVRQAPGKGLEWVANIKQDGSEKYYVDSVKGRFTISRDNAKNSLYLQMNSLRAEDTAVYYCARASYDFWSGYYEPKKSATYAFDYWGQGTLVTVSS,DIQLTQSPSTLSASVGDRVTITCRAARSINGWVAWYQQKPGKAPKPLIFKASSLGSGVPSRFSGSGSGTEFTLTISSLQPDDFATYYCQQYQSLSVRTFGQGTKVDIK,1.75,0.5,26.75,0.9574271077563382,,,2.775016666666667,,0.2692219762637993,0.01799947198987647,0.1697741312988678,0.02931216815342026,99.14859227422501,,3.249583333333291,,509.8186673947986,10.34604207281109,70.13666666666667,0.08504900548116001,83.19,0.3160696125855766,,,63.49333333333333,0.128582010146572
GDPa3-079,IgG1,Kappa,QITLKESGPALVKPTQTLTLTCTLSGFSVSTSGVGVGWIRQPPGKALEWLALIYWDDDKRYSPSLKNRLTITKDPSKNQVVLTMTNMDPVDTGTYYCAHRVYYSDRSSYPRRPRIPSAFDYWGQGTLVTVSS,DIQMTQSPSTLSASVGDRVTITCRASQGISEWLAWYQQRPGKAPNLLIYRASTLQSGVPSRFSGSGSGTEFTLTISSLQPDDFATYYCQQYYVYPYTFGQGTKLDIK,5.75,0.5,25.25,0.9574271077563381,5.379966666666666,,2.441683333333333,,0.4324273452395275,0.04816931941569959,0.4170671585044612,0.04940551009779154,99.32875115479283,,2.69499999999999,,1366.914722228123,51.23507619047777,70.50666666666666,0.06110100926608044,,,,,65.11333333333333,0.3787259343289517
GDPa3-080,IgG1,Kappa,EVQLVESGGGLVKPGGSLRLSCAASGFTFSSYSMNWVRQAPGKGLEWVSSISSSSSYIYYADSVKGRFTISRDNAKNSLYLQMNSLRAEDTAVYYCAREGGSYYDILTGYYNGPPNWFDPWGQGTLVTVSS,EIVMTQSPATLSVSPGERATLSCRASQSVSSNLAWYQQKPGQAPRLLIYGASTRATGIPARFSGSGSGTEFTLTISSLQSEDFAVYYCQQYNNWPPPITFGQGTRLEIK,1.0,0.5773502691896257,8.75,0.9574271077563381,,,3.300066666666666,,0.005848161303349825,0.00968920492163534,0.01519038699562143,0.0101738696753864,98.1383504281478,,3.564791666666607,,1098.998516749977,44.4373884135837,73.02666666666666,0.3629508690350963,77.17666666666666,0.02081665999466885,85.62333333333333,0.1858314648635511,62.18666666666667,0.2138535324312734
